USE polachova_i4c;

INSERT INTO firmy(id,heslo,kod) VALUES('zkusebni','b44dda1dadd351948fcace1856ed97366e679239',123456),
('druhy','b44dda1dadd351948fcace1856ed97366e679239',123456);

INSERT INTO typ(id_firmy,typ_souc) VALUES('zkusebni','Integrovaný obvod'),
('zkusebni','Kondenzátor'),
('zkusebni','Rezistor'),
('zkusebni','Svorkovnice'),
('zkusebni','Patice'),
('zkusebni','Patentka'),
('zkusebni','Odporový trimr'),
('zkusebni','Triak'),
('zkusebni','Diak'),
('zkusebni','Potenciometr'), 
('zkusebni','Pojistka'),
('zkusebni','Pojistkové pouzdro'),
('zkusebni','LED'),
('zkusebni','Dioda'),
('zkusebni','Tranzistor'), 
('zkusebni','Relé'),
('druhy','Integrovaný obvod'), 
('druhy','Kondenzátor'),
('druhy','Rezistor'),
('druhy','Svorkovnice'),
('druhy','Patice'),
('druhy','Patentka'),
('druhy','Konektor'),
('druhy','Stabilizátor'),
('druhy','Displej');   

INSERT INTO souc(id_firmy,kat_c_souc,typ_souc,hodnota_souc,provedeni_souc,pouzdro_souc)
VALUES ('zkusebni','01250833',1,'TDA7294','THT','SQL15'),
('zkusebni','02010010',2,'100n','THT','MKT rm5 svit.'),
('zkusebni','02010110',2,'330n','THT','MKT rm5 svit.'),
('zkusebni','02060028',2,'10M/50V','THT','5X11-2.5'),
('zkusebni','02060079',2,'22M/50V','THT','5x11-2.5 105*C'), 
('zkusebni','02060294',2,'1000M/50V','THT','13x25-5 105*C'),
('zkusebni','02211446',3,'680R','THT','0207'),
('zkusebni','02211459',3,'10k','THT','0207'),
('zkusebni','02211463',3,'22k','THT','0207'),
('zkusebni','03370112',4,'AK500/3','THT','V=10 mm'),
('zkusebni','01251229',1,'TDA7293','THT','SQL15'),
('zkusebni','01210765',1,'LM386','THT','DIL8'),
('zkusebni','01770001',5,'DIL8','THT','černá'),
('zkusebni','02040005',2,'100n','THT','rm5'),
('zkusebni','02040201',2,'47n','THT','Y5V rm5'), 
('zkusebni','02060060',2,'220M/16V','THT','10x11'),
('zkusebni','02060208',2,'10M/25V','THT','5x11-2.5'),
('zkusebni','02210408',3,'10R','THT','0207'),
('zkusebni','02480002',6,'Pro 9V','THT','typ T'),  
('zkusebni','00000006',7,'150-500k','THT','TP008'),
('zkusebni','01480006',8,'BT138/800','THT','TO220'),
('zkusebni','01480022',9,'DB3','THT','DO35'),
('zkusebni','02010005',2,'100n/250V','THT','TC206'),
('zkusebni','02010242',2,'68n/400V','THT','MKT Philips'),
('zkusebni','02211436',3,'100R','THT','0207'),  
('zkusebni','02211472',3,'120k','THT','0207'),
('zkusebni','02250566',10,'500k','THT','PC16MLK Piher'),
('zkusebni','02440047',11,'F10A','THT','5x20'),
('zkusebni','02460009',12,'5x20','THT','5x20 s krytem'),
('zkusebni','03370111',4,'AK500/2','THT','V=10 mm'), 
('zkusebni','00000008',13,'libovolná','THT','2x5mm difuzní'),
('zkusebni','01210756',1,'LM311','THT','DIL8'),
('zkusebni','01410020',14,'1N4148','THT','D035'),
('zkusebni','01570044',15,'L-932P3BT','THT','3mm'),
('zkusebni','01760385',16,'12V 8A/250V','THT','JS-12'),
('zkusebni','02210012',3,'100k','THT','0207'),
('zkusebni','02211444',3,'470R','THT','0207'),
('zkusebni','02211461',3,'15k','THT','0207'),
('zkusebni','02211470',3,'82k','THT','0207'),
('zkusebni','02250572',7,'2M5','THT','ležatý-10mm'),
('zkusebni','02250573',7,'10K','THT','ležatý-10mm'),
('druhy','01250833',17,'TDA7294','THT','SQL15'),
('druhy','02010010',18,'100n','THT','MKT rm5 svit.'),
('druhy','02010110',18,'330n','THT','MKT rm5 svit.'),
('druhy','02060028',18,'10M/50V','THT','5X11-2.5'),  
('druhy','02060079',18,'22M/50V','THT','5x11-2.5 105*C'),
('druhy','02060294',18,'1000M/50V','THT','13x25-5 105*C'),
('druhy','02211446',19,'680R','THT','0207'),
('druhy','02211459',19,'10k','THT','0207'),
('druhy','02211463',19,'22k','THT','0207'),   
('druhy','03370112',20,'AK500/3','THT','V=10 mm'),
('druhy','01210765',17,'LM386','THT','DIL8'),
('druhy','01770001',21,'DIL8','THT','černá'),
('druhy','02040005',18,'100n','THT','rm5'),
('druhy','02040201',18,'47n','THT','Y5V rm5'),  
('druhy','02060060',18,'220M/16V','THT','10x11'),
('druhy','02060208',18,'10M/25V','THT','5x11-2.5'),
('druhy','02210408',19,'10R','THT','0207'),
('druhy','02480002',22,'Pro 9V','THT','typ T'),  
('druhy','00000013',23,'HROT','THT','CY 1,5-50mm'),
('druhy','01130134',17,'4093','THT','DIL14'),
('druhy','01210017',24,'78L02','THT','TO92'),
('druhy','01710012',25,'LQ325 (LQ350)','THT','19.68mm'),
('druhy','01770003',21,'DIL14','THT','černá'),
('druhy','02210012',19,'100k','THT','0207'), 
('druhy','02211489',19,'1M5','THT','0207');

INSERT INTO staveb(id_firmy,kat_c_staveb,nazev_staveb,cely_nazev_staveb)
VALUES ('zkusebni','09810555','PT002B','PT002B Zesilovač 100W s TDA7294 (stavebnice)'),
('zkusebni','09810556','PT003B','PT003B Zesilovač 2x100W s TDA7294 (stavebnice)'),
('zkusebni','09810577','PT005','PT005 Zesilovač 100W s TDA7293 (stavebnice)'),
('zkusebni','09810558','PT009','PT009 Zesilovač 1W s LM386 - LEVNÁ EDICE (stavebnice)'),
('zkusebni','09810563','PT019','PT019 Triakový regulátor výkonu 230V/12A'),
('zkusebni','09810564','PT017','PT017 Soumrakový spínač s relé 230V/8A'),
('druhy','09810556','PT003B','PT003B Zesilovač 2x100W s TDA7294 (stavebnice)'),
('druhy','09810558','PT009','PT009 Zesilovač 1W s LM386 - LEVNÁ EDICE (stavebnice)'),
('druhy','09810584','PT042','PT042 Logická sonda');

INSERT INTO seznam(id_firmy,id_staveb_seznam,id_souc_seznam,pocet_ks_souc_staveb)
VALUES ('zkusebni',1,1,1),
('zkusebni',1,2,2),
('zkusebni',1,3,1),
('zkusebni',1,4,2),
('zkusebni',1,5,2),
('zkusebni',1,6,2),
('zkusebni',1,7,1),
('zkusebni',1,8,1),
('zkusebni',1,9,3),
('zkusebni',1,10,3),
('zkusebni',2,1,2),
('zkusebni',2,2,4),
('zkusebni',2,3,2),
('zkusebni',2,4,4),
('zkusebni',2,5,4),
('zkusebni',2,6,4),
('zkusebni',2,7,2),
('zkusebni',2,8,2),
('zkusebni',2,9,6),
('zkusebni',2,10,6),
('zkusebni',3,11,1),
('zkusebni',3,2,2),
('zkusebni',3,3,1),
('zkusebni',3,4,2),
('zkusebni',3,5,3),
('zkusebni',3,6,2),
('zkusebni',3,7,1),
('zkusebni',3,8,1),
('zkusebni',3,9,3),
('zkusebni',3,10,3),
('zkusebni',4,12,1),
('zkusebni',4,13,1),
('zkusebni',4,14,1),
('zkusebni',4,15,1),
('zkusebni',4,16,1),
('zkusebni',4,17,1),
('zkusebni',4,18,1),
('zkusebni',4,19,1),
('zkusebni',5,20,1),
('zkusebni',5,21,1),
('zkusebni',5,22,1),
('zkusebni',5,23,2),
('zkusebni',5,24,1),
('zkusebni',5,25,1),
('zkusebni',5,8,1),
('zkusebni',5,26,1),
('zkusebni',5,27,1),
('zkusebni',5,28,1),
('zkusebni',5,29,1),
('zkusebni',5,30,2),
('zkusebni',6,31,1),
('zkusebni',6,32,1),
('zkusebni',6,33,1),
('zkusebni',6,34,1),
('zkusebni',6,35,1),
('zkusebni',6,13,1),
('zkusebni',6,36,1),
('zkusebni',6,37,1),
('zkusebni',6,7,1),
('zkusebni',6,38,2),
('zkusebni',6,39,1),
('zkusebni',6,40,1),
('zkusebni',6,41,1),
('zkusebni',6,30,1),
('zkusebni',6,10,1),
('druhy',7,42,2),
('druhy',7,43,4),
('druhy',7,44,2),
('druhy',7,45,4),
('druhy',7,46,4),
('druhy',7,47,4),
('druhy',7,48,2),
('druhy',7,49,2),
('druhy',7,50,6),
('druhy',7,51,6),
('druhy',8,52,1),
('druhy',8,53,1),
('druhy',8,54,1),
('druhy',8,55,1),
('druhy',8,56,1),
('druhy',8,57,1),
('druhy',8,58,1),
('druhy',8,59,1),
('druhy',9,60,1),
('druhy',9,61,1),
('druhy',9,62,1),
('druhy',9,63,1),
('druhy',9,64,1),
('druhy',9,54,1),
('druhy',9,65,1),
('druhy',9,66,1);